City_ID,City,Lat,Lng,Max Temp,Humidity,Cloudiness,Wind Speed,Country,Date
0,west island,-12.1568,96.8225,24.99,78,40,5.14,CC,1694912881
1,nova sintra,14.8667,-24.7167,23.23,77,14,3.07,CV,1694912881
2,mayya,61.7333,130.2811,3.62,63,100,5.11,RU,1694912882
3,hawaiian paradise park,19.5933,-154.9731,28.91,70,20,4.12,US,1694912883
4,edinburgh of the seven seas,-37.0676,-12.3116,12.64,80,100,13.09,SH,1694912744
5,waitangi,-43.9535,-176.5597,14.34,83,100,4.47,NZ,1694912747
6,stanley,54.868,-1.6985,12.38,92,75,2.06,GB,1694912884
7,itoman,26.1247,127.6694,31.01,77,75,5.66,JP,1694912885
8,karratha,-20.7377,116.8463,28.26,29,53,3.52,AU,1694912887
9,utrik,11.2278,169.8474,28.68,80,88,8.01,MH,1694912887
10,maceio,-9.6658,-35.7353,24.69,88,40,2.06,BR,1694912756
11,bredasdorp,-34.5322,20.0403,10.77,68,100,5.28,ZA,1694912754
12,saipan,15.1355,145.701,29.39,84,40,5.14,MP,1694912889
13,qamdo,31.1667,97.2333,5.65,80,100,1.01,CN,1694912720
14,adamstown,-25.066,-130.1015,18.86,74,100,9.14,PN,1694912890
15,pontianak,-0.0333,109.3333,26.99,88,40,1.03,ID,1694912890
16,porto franco,-6.3383,-47.3992,29.59,37,35,1.38,BR,1694912891
17,belyy yar,53.6039,91.3903,8.94,93,0,1.0,RU,1694912892
18,grytviken,-54.2811,-36.5092,-0.11,95,100,5.57,GS,1694912892
19,port-aux-francais,-49.35,70.2167,5.7,96,100,15.29,TF,1694912893
20,saldanha,-33.0117,17.9442,12.49,65,100,5.43,ZA,1694912893
21,petropavlovsk-kamchatsky,53.0452,158.6483,17.33,42,20,8.0,RU,1694912894
22,blackmans bay,-43.0167,147.3167,13.18,53,2,7.44,AU,1694912894
23,olonkinbyen,70.9221,-8.7187,2.35,71,14,3.82,SJ,1694912895
24,iskateley,67.6803,53.1512,2.21,86,23,1.12,RU,1694912895
25,puerto natales,-51.7236,-72.4875,-0.25,88,27,0.46,CL,1694912896
26,ust'-kulom,61.6864,53.6902,9.23,99,98,2.48,RU,1694912897
27,hermanus,-34.4187,19.2345,12.11,68,100,5.38,ZA,1694912746
28,tura,25.5198,90.2201,25.96,87,39,0.91,IN,1694912898
29,pemangkat,1.1667,108.9667,26.92,82,98,1.86,ID,1694912898
30,colonia,50.9333,6.95,20.53,85,20,3.09,DE,1694912828
31,baissa,7.2333,10.6333,22.11,99,81,0.88,NG,1694912899
32,ushuaia,-54.8,-68.3,-3.11,97,84,1.16,AR,1694912900
33,yellowknife,62.456,-114.3525,19.29,67,40,4.63,CA,1694912610
34,saint george's,12.0564,-61.7485,27.64,73,6,4.19,GD,1694912901
35,longyearbyen,78.2186,15.6401,-2.09,74,75,2.06,SJ,1694912752
36,kone,-21.0595,164.8658,24.2,67,83,3.39,NC,1694912902
37,katsuren-haebaru,26.3369,127.8719,31.01,86,75,5.14,JP,1694912903
38,paradip garh,20.3167,86.6167,27.0,86,53,2.51,IN,1694912903
39,mount pearl,47.5166,-52.7813,19.29,97,100,6.17,CA,1694912904
40,namibe,-15.1961,12.1522,17.6,95,46,2.34,AO,1694912904
41,lebu,-37.6167,-73.65,8.05,77,70,3.58,CL,1694912906
42,invercargill,-46.4,168.35,12.79,75,100,4.47,NZ,1694912906
43,papatowai,-46.5619,169.4708,11.89,64,100,6.22,NZ,1694912907
44,kidal,18.4411,1.4078,31.5,39,98,7.64,ML,1694912907
45,bom jesus da lapa,-13.255,-43.4181,27.73,42,1,4.89,BR,1694912908
46,whitehorse,60.7161,-135.0538,11.68,52,100,8.94,CA,1694912909
47,thompson,55.7435,-97.8558,10.88,85,100,2.86,CA,1694912909
48,serdar,38.9764,56.2757,18.96,29,0,3.13,TM,1694912910
49,juruti,-2.1522,-56.0922,25.66,72,42,1.56,BR,1694912733
50,tiksi,71.6872,128.8694,0.71,74,96,6.88,RU,1694912911
51,cedeira,43.6797,-8.0209,16.88,84,0,2.11,ES,1694912912
52,ulladulla,-35.35,150.4667,27.09,31,0,2.27,AU,1694912912
53,kyakhta,50.3508,106.4494,10.12,75,100,1.68,RU,1694912913
54,fort mcmurray,56.7268,-111.381,19.16,39,6,1.43,CA,1694912913
55,carnarvon,-24.8667,113.6333,19.66,60,0,8.42,AU,1694912914
56,atlantic city,39.3643,-74.4229,21.12,62,0,4.12,US,1694912883
57,tolanaro,-25.0319,46.9987,19.66,87,0,3.12,MG,1694912915
58,kasongo-lunda,-6.4667,16.8167,22.67,82,6,1.25,CD,1694912916
59,lerwick,60.1545,-1.1494,5.0,72,46,0.95,GB,1694912916
60,ipueiras,-7.0333,-40.45,22.76,37,0,3.09,BR,1694912917
61,zabol,32.25,67.25,18.48,21,0,1.96,AF,1694912917
62,new norfolk,-42.7826,147.0587,13.84,50,5,5.99,AU,1694912918
63,udachny,66.4167,112.4,1.36,100,100,6.21,RU,1694912918
64,ianca,45.1333,27.45,15.43,72,21,2.81,RO,1694912919
65,sinop,41.7711,34.8709,13.25,94,29,0.27,TR,1694912920
66,bethel,41.3712,-73.414,18.28,82,0,0.0,US,1694912920
67,adrar,20.5022,-10.0711,31.43,45,98,5.59,MR,1694912921
68,klyuchi,52.2667,79.1667,11.83,80,100,2.15,RU,1694912921
69,kasempa,-13.4584,25.8338,19.67,32,0,2.27,ZM,1694912922
70,taos,36.4072,-105.5731,19.22,45,0,0.0,US,1694912922
71,dudinka,69.4058,86.1778,0.9,90,33,2.21,RU,1694912923
72,haiku-pauwela,20.9219,-156.3051,30.01,59,40,11.83,US,1694912924
73,san vicente,-26.6167,-54.1333,17.68,68,0,2.13,AR,1694912925
74,yoko,5.5333,12.3167,18.51,98,100,1.33,CM,1694912839
75,saint-hippolyte,42.7833,2.9667,24.61,82,0,1.54,FR,1694912926
76,iqaluit,63.7506,-68.5145,0.39,74,14,4.02,CA,1694912927
77,preobrazheniye,42.9019,133.9064,17.02,94,100,2.64,RU,1694912927
78,kodiak,57.79,-152.4072,9.73,87,100,9.26,US,1694912745
79,margaret river,-33.95,115.0667,13.85,58,89,4.13,AU,1694912743
80,ordubad,38.9059,46.0234,17.22,68,6,2.96,AZ,1694912929
81,puerto ayora,-0.7393,-90.3518,23.64,91,99,0.89,EC,1694912915
82,guarapari,-20.6667,-40.4975,20.83,94,5,3.76,BR,1694912714
83,hithadhoo,-0.6,73.0833,28.01,77,0,7.09,MV,1694912930
84,starkville,33.4504,-88.8184,24.93,65,100,0.0,US,1694912876
85,ancud,-41.8697,-73.8203,6.51,84,100,8.34,CL,1694912931
86,punta arenas,-53.15,-70.9167,3.06,44,75,4.63,CL,1694912932
87,tapes,-30.6733,-51.3958,17.54,86,0,2.68,BR,1694912932
88,la sarre,48.8002,-79.1996,12.09,92,14,1.98,CA,1694912933
89,ketchikan,55.3422,-131.6461,12.26,87,100,3.82,US,1694912933
90,holualoa,19.6228,-155.9522,27.91,81,75,7.2,US,1694912849
91,rambha,19.5167,85.1,27.62,82,100,1.77,IN,1694912935
92,lesozavodsk,45.4794,133.4244,17.9,77,100,0.47,RU,1694912936
93,mount gambier,-37.8333,140.7667,17.54,58,0,3.02,AU,1694912937
94,eyl,7.9803,49.8164,25.32,69,100,7.64,SO,1694912937
95,ola,59.5833,151.2833,6.19,88,100,2.95,RU,1694912938
96,dwarka,22.2394,68.9678,27.39,82,100,6.83,IN,1694912938
97,kavaratti,10.5669,72.642,27.55,78,67,4.14,IN,1694912939
98,mo i rana,66.3128,14.1428,7.26,87,40,4.12,NO,1694912939
99,makhambet,47.6667,51.5833,16.53,57,100,2.91,KZ,1694912940
100,quellon,-43.1167,-73.6167,6.16,82,100,6.58,CL,1694912941
101,tazacorte,28.629,-17.9293,23.54,90,75,8.23,ES,1694912941
102,phang nga,8.4509,98.5298,26.02,82,86,0.51,TH,1694912942
103,khandyga,62.6667,135.6,1.59,98,100,1.42,RU,1694912943
104,afif,23.9065,42.9172,26.69,14,20,4.4,SA,1694912943
105,koubia,11.5833,-11.9,19.58,97,100,1.48,GN,1694912944
106,peniche,39.3558,-9.3811,19.05,85,0,9.12,PT,1694912944
107,talnakh,69.4865,88.3972,0.67,89,47,2.3,RU,1694912945
108,gallup,35.5281,-108.7426,22.91,27,20,4.12,US,1694912948
109,kotido,2.9806,34.1331,23.0,52,68,3.47,UG,1694912951
110,fort bragg,35.139,-79.006,23.85,61,0,2.57,US,1694912952
111,dzilam gonzalez,21.2833,-88.9333,27.45,78,1,3.58,MX,1694912959
112,vavoua,7.3819,-6.4778,21.79,99,98,2.21,CI,1694912962
113,hobyo,5.3505,48.5268,24.64,85,36,9.59,SO,1694912963
114,arar,30.9753,41.0381,25.89,23,0,3.44,SA,1694912963
115,avarua,-21.2078,-159.775,26.03,65,100,1.54,CK,1694912974
116,albany,42.6001,-73.9662,17.47,69,32,3.53,US,1694912974
117,shache,38.4167,77.2406,16.51,33,87,2.4,CN,1694912975
118,anadyr,64.75,177.4833,5.28,93,75,3.0,RU,1694912976
119,shillong,25.5689,91.8831,19.73,91,1,0.65,IN,1694912978
120,labytnangi,66.6572,66.4183,6.89,92,93,3.33,RU,1694912980
121,bubaque,11.2833,-15.8333,27.03,77,100,3.27,GW,1694912980
122,kavieng,-2.5744,150.7967,28.1,72,82,7.64,PG,1694912981
123,crane,31.3974,-102.3501,27.64,45,5,5.34,US,1694912981
124,egilsstadir,65.2653,-14.3948,9.07,97,100,2.16,IS,1694912982
125,keflavik,64.0049,-22.5624,8.24,87,100,10.29,IS,1694912983
126,sikonge,-5.6333,32.7667,21.49,41,38,2.44,TZ,1694912983
127,georgetown,5.4112,100.3354,28.3,89,20,2.06,MY,1694912753
128,abdurahmoni jomi,37.9464,68.8088,17.16,67,0,0.0,TJ,1694912985
129,vorgashor,67.5833,63.95,6.96,85,100,2.34,RU,1694912876
130,castillos,-34.1667,-53.8333,12.98,81,3,2.11,UY,1694912986
131,tocopilla,-22.092,-70.1979,18.36,63,38,0.15,CL,1694912986
132,gamboula,4.1178,15.1393,20.84,98,100,1.01,CF,1694912987
133,raja,8.4596,25.678,21.11,96,100,0.37,SS,1694912987
134,nikolayevsk-on-amure,53.1406,140.73,16.76,49,38,2.45,RU,1694912724
135,dryden,49.7833,-92.7503,11.45,78,61,2.24,CA,1694912988
136,russas,-4.9403,-37.9758,26.42,60,3,4.37,BR,1694912989
137,cockburn town,21.4612,-71.1419,28.98,65,40,4.12,TC,1694912696
138,barakani,-12.1356,44.4317,24.16,76,100,3.66,KM,1694912990
139,kewanee,41.2456,-89.9248,16.93,80,100,2.35,US,1694912991
140,thunder bay,48.4001,-89.3168,12.69,90,78,2.65,CA,1694912949
141,hami,42.8,93.45,17.46,28,6,5.38,CN,1694912992
142,la punta,-33.1837,-66.3127,15.27,40,0,8.73,AR,1694912992
143,nizhnesortymskiy,62.4397,71.7603,11.98,75,70,2.86,RU,1694912993
144,enewetak,11.3474,162.3373,29.24,77,86,7.01,MH,1694912747
145,cide,41.8921,33.0044,18.72,74,0,4.99,TR,1694912994
146,aldan,58.6031,125.3894,3.97,56,17,1.33,RU,1694912787
147,ilulissat,69.2167,-51.1,1.01,86,100,0.0,GL,1694912879
148,bani walid,31.7566,13.9942,22.92,57,39,2.28,LY,1694912995
149,cao bang,22.6667,106.25,25.9,91,78,0.08,VN,1694912996
150,cafayate,-26.073,-65.9761,23.85,15,0,1.61,AR,1694912996
151,luziania,-16.2525,-47.9503,24.83,71,100,0.41,BR,1694912755
152,obo,5.3998,26.4869,20.12,98,100,1.5,CF,1694912998
153,turpan,42.9333,89.1667,22.8,27,0,1.08,CN,1694912998
154,howrah,22.5892,88.3103,29.0,94,20,0.0,IN,1694912920
155,nilsia,63.2,28.0833,13.4,95,100,4.69,FI,1694912999
156,opuwo,-18.0607,13.84,20.29,20,0,1.95,NA,1694913000
157,bilibino,68.0546,166.4372,5.27,68,100,0.57,RU,1694913000
158,portmore,17.9702,-76.8672,28.34,98,100,1.19,JM,1694913001
159,fort st. john,56.2499,-120.8529,19.94,24,75,1.54,CA,1694912793
160,san patricio,28.017,-97.5169,28.92,60,40,4.65,US,1694913002
161,ceerigaabo,10.6162,47.368,18.68,67,88,4.75,SO,1694913003
162,zaozersk,69.4005,32.4476,6.49,84,100,2.51,RU,1694913003
163,meiganga,6.5167,14.3,18.95,98,100,1.58,CM,1694913004
164,celestun,20.8667,-90.4,28.73,76,19,6.94,MX,1694913004
165,arvin,35.2091,-118.8284,32.81,25,2,4.31,US,1694913005
166,greenville,35.6127,-77.3663,20.63,88,0,0.45,US,1694912945
167,isafjordur,66.0755,-23.124,8.83,94,93,4.08,IS,1694913006
168,san pedro pochutla,15.7333,-96.4667,27.06,87,9,1.48,MX,1694913007
169,avsallar,36.616,31.7806,25.76,32,0,3.56,TR,1694913007
170,chonchi,-42.6128,-73.8092,5.56,90,71,3.73,CL,1694913008
171,twon-brass,4.3151,6.2418,26.08,85,98,5.91,NG,1694913008
172,fredericton,45.9454,-66.6656,18.24,100,100,7.2,CA,1694913009
173,machico,32.7,-16.7667,21.35,69,20,6.17,PT,1694913010
174,hamilton,39.1834,-84.5333,21.47,62,20,3.09,US,1694913010
175,afaahiti,-17.75,-149.2833,26.93,83,81,5.68,PF,1694913011
176,leava,-14.3,-178.1667,27.5,80,100,8.13,WF,1694913011
177,nowy dwor mazowiecki,52.4302,20.7165,16.25,87,0,3.09,PL,1694913012
178,morales,2.757,-76.6172,16.6,85,100,0.7,CO,1694913013
179,lata,40.1629,-8.3327,16.71,93,0,2.53,PT,1694913014
180,santa cruz,-17.8,-63.1667,26.7,61,0,6.69,BO,1694913015
181,san pedro,14.35,121.0167,30.15,76,95,3.58,PH,1694913016
182,gongchangling,41.1167,123.45,23.65,63,0,0.62,CN,1694912729
183,puerto maldonado,-12.6,-69.1833,26.41,69,100,1.07,PE,1694913017
184,hadibu,12.65,54.0333,25.73,82,100,6.45,YE,1694912790
185,lenino,45.2986,35.7771,16.14,67,0,3.86,UA,1694913018
186,yuzhno-kurilsk,44.0306,145.8556,18.52,83,92,2.85,RU,1694913019
187,callao,-12.0667,-77.15,21.51,68,0,4.12,PE,1694913019
188,port mathurin,-19.6833,63.4167,22.97,73,2,8.93,MU,1694913020
189,arraial do cabo,-22.9661,-42.0278,21.22,92,0,10.01,BR,1694912965
190,plettenberg bay,-34.0527,23.3716,11.68,67,100,8.12,ZA,1694913021
191,uige,-7.6087,15.0613,20.74,95,56,1.37,AO,1694913021
192,bodaybo,57.8506,114.1933,11.71,73,12,0.62,RU,1694912909
193,san fernando,15.0286,120.6898,28.89,78,100,0.98,PH,1694913022
194,wailua homesteads,22.0669,-159.378,29.24,73,40,6.69,US,1694912765
195,paita,-5.0892,-81.1144,20.65,83,64,6.9,PE,1694913023
196,agat village,13.3886,144.6585,30.76,87,40,4.12,GU,1694913024
197,pisco,-13.7,-76.2167,19.03,77,0,4.12,PE,1694913025
198,pop,40.8736,71.1089,18.27,40,24,0.8,UZ,1694913025
199,bechar,31.6167,-2.2167,28.26,31,15,2.16,DZ,1694913026
200,ciudad lazaro cardenas,17.9583,-102.2,28.11,77,17,1.8,MX,1694912981
201,puerto deseado,-47.7503,-65.8938,4.23,67,7,5.4,AR,1694913027
202,pitimbu,-7.4706,-34.8086,24.33,85,87,4.46,BR,1694913027
203,polyarnyy,69.1989,33.4478,6.86,81,57,2.23,RU,1694913028
204,nuuk,64.1835,-51.7216,1.34,86,20,2.68,GL,1694913003
205,tazovsky,67.4667,78.7,3.19,78,100,3.18,RU,1694913029
206,motygino,58.1831,94.7592,10.62,72,44,0.25,RU,1694913030
207,taghazout,30.5426,-9.7112,20.43,86,4,2.67,MA,1694913030
208,la passe,45.5549,-0.8967,21.13,88,100,4.39,FR,1694913031
209,port lincoln,-34.7333,135.8667,18.92,60,6,2.9,AU,1694912986
210,saint-pierre,-21.3393,55.4781,20.87,68,0,3.09,RE,1694913032
211,fale old settlement,-9.3852,-171.2468,28.59,76,2,5.31,TK,1694912796
212,laojunmiao,39.8333,97.7333,11.04,48,9,1.73,CN,1694913033
213,saint-leu,-21.15,55.2833,20.53,89,3,1.63,RE,1694913033
214,chishmy,54.5765,55.3764,8.13,87,77,1.32,RU,1694913034
215,alappuzha,9.49,76.3264,25.11,88,100,1.41,IN,1694913034
216,valparaiso,-33.0393,-71.6273,12.8,94,0,1.54,CL,1694913014
217,st. john's,47.5649,-52.7093,19.75,96,100,6.17,CA,1694913035
218,maues,-3.3836,-57.7186,27.53,50,62,1.7,BR,1694913037
219,greymouth,-42.4667,171.2,13.59,90,100,10.93,NZ,1694912954
220,toliara,-23.35,43.6667,21.58,82,0,2.29,MG,1694912839
221,rokytne,51.2796,27.214,10.28,95,0,2.78,UA,1694913039
222,uturoa,-16.7333,-151.4333,25.59,82,20,5.21,PF,1694913040
223,faya-largeau,17.9257,19.1043,31.3,15,8,7.12,TD,1694913041
224,mogocha,53.7333,119.7667,10.69,60,100,1.37,RU,1694913041
225,dakhla,23.6848,-15.958,21.08,88,0,8.14,EH,1694913042
226,chui,-33.6971,-53.4616,16.19,94,3,1.64,UY,1694912890
227,qaqortoq,60.7167,-46.0333,2.8,69,0,7.86,GL,1694912811
228,touros,-5.1989,-35.4608,24.32,82,96,5.52,BR,1694913043
229,college,64.8569,-147.8028,15.81,47,75,3.6,US,1694912764
230,sayaxche,16.5167,-90.1667,25.43,86,64,1.55,GT,1694913045
231,taungoo,18.9333,96.4333,24.04,99,100,1.49,MM,1694913046
232,sarkand,45.41,79.9186,10.67,52,2,1.52,KZ,1694913047
233,cabo san lucas,22.8909,-109.9124,32.01,75,0,3.6,MX,1694912940
234,fada,9.5667,8.3,20.42,99,100,1.15,NG,1694912869
235,san antonio de pale,-1.4014,5.6325,24.34,83,84,4.55,GQ,1694912997
236,brookings,44.3114,-96.7984,16.16,73,0,2.57,US,1694912908
237,pariaman,-0.619,100.12,25.03,82,38,2.6,ID,1694913049
238,lakatoro,-16.0999,167.4164,26.88,75,100,5.2,VU,1694913050
239,happy valley-goose bay,53.3168,-60.3315,11.89,81,100,0.6,CA,1694913050
240,remire-montjoly,4.9167,-52.2667,28.02,78,0,3.09,GF,1694913051
241,tual,-5.6667,132.75,25.11,79,100,9.56,ID,1694913052
242,beau vallon,-20.4189,57.6953,22.34,83,75,3.6,MU,1694913049
243,isangel,-19.55,169.2667,27.06,69,75,2.06,VU,1694912868
244,barah,13.7,30.3667,28.83,52,38,3.99,SD,1694913053
245,queenstown,-31.8976,26.8753,5.57,58,100,2.24,ZA,1694912914
246,hell-ville,-13.4,48.2667,24.73,73,47,0.18,MG,1694913054
247,sandnessjoen,66.0217,12.6316,6.29,65,100,4.93,NO,1694913055
248,morant bay,17.8815,-76.4093,26.51,81,100,2.89,JM,1694913055
249,castelo do piaui,-5.3222,-41.5525,25.37,35,4,2.83,BR,1694913056
250,akonolinga,3.7667,12.25,20.95,99,100,2.17,CM,1694913056
251,puerto armuelles,8.2833,-82.8667,27.27,72,100,0.45,PA,1694913057
252,vila franca do campo,37.7167,-25.4333,19.23,99,100,2.84,PT,1694913057
253,abadeh,31.1608,52.6506,16.72,37,0,3.15,IR,1694913058
254,wewak,-3.5534,143.6268,27.22,76,100,1.84,PG,1694913058
255,la palma,33.8464,-118.0467,23.44,80,100,3.09,US,1694913059
256,cole harbour,44.6724,-63.4751,15.66,94,100,6.71,CA,1694913060
257,dedovichi,57.5517,29.9502,7.67,78,100,3.06,RU,1694913060
258,athens,37.9795,23.7162,26.48,47,0,2.68,GR,1694913003
259,al khums,32.6486,14.2619,25.23,62,5,4.13,LY,1694913061
260,eldorado at santa fe,35.5264,-105.9347,21.25,41,0,1.54,US,1694913062
261,moia,41.8101,2.0958,19.42,94,77,0.86,ES,1694913062
262,karakulino,56.012,53.7067,11.79,87,80,2.38,RU,1694913063
263,mareeba,-17.0,145.4333,24.71,59,0,4.5,AU,1694913063
264,port elizabeth,-33.918,25.5701,13.39,64,100,2.24,ZA,1694913064
265,taksimo,56.3444,114.8794,12.54,68,80,0.86,RU,1694913065
266,guiuan,11.0333,125.7247,28.43,73,48,1.03,PH,1694913065
267,nouadhibou,20.931,-17.0347,21.99,83,92,8.75,MR,1694912778
268,anka,12.1138,5.9243,25.0,85,95,2.67,NG,1694913066
269,kudahuvadhoo,2.6708,72.8944,28.07,76,82,6.31,MV,1694913067
270,bangassou,4.7413,22.8184,20.79,100,100,1.26,CF,1694913067
271,fortuna,40.5982,-124.1573,18.29,87,0,5.14,US,1694913068
272,moralillo,22.2167,-97.9,30.13,84,0,5.91,MX,1694913068
273,lospalos,-8.5186,127.0025,25.68,61,4,4.48,TL,1694913069
274,kuta,-8.7233,115.1723,26.97,83,40,6.71,ID,1694913055
275,selfoss,63.9331,-20.9971,8.36,88,100,7.2,IS,1694913070
276,kapuskasing,49.4169,-82.4331,13.2,85,88,0.69,CA,1694912955
277,majdanpek,44.4277,21.946,15.39,88,55,3.32,RS,1694913071
278,sungai raya,0.7,108.9,27.73,76,83,0.77,ID,1694913072
279,aasiaat,68.7098,-52.8699,-0.07,79,99,2.86,GL,1694913072
280,siverek,37.755,39.3167,22.11,16,6,1.98,TR,1694913073
281,el calafate,-50.3408,-72.2768,-0.25,71,22,1.6,AR,1694913073
282,ati,13.2154,18.3353,28.18,65,21,2.27,TD,1694912990
283,nar'yan-mar,67.6713,53.087,2.27,86,23,1.09,RU,1694913075
284,yangshuo,24.7808,110.4897,27.44,83,1,1.12,CN,1694913075
285,nuku'alofa,-21.1333,-175.2,24.19,73,75,7.2,TO,1694913076
286,mahibadhoo,3.7833,72.9667,27.91,78,20,5.44,MV,1694913052
287,monteria,8.748,-75.8814,25.61,92,70,3.3,CO,1694913077
288,morozovsk,48.3539,41.8261,14.24,64,89,3.45,RU,1694913077
289,nemuro,43.3236,145.575,18.0,94,100,4.71,JP,1694912816
290,sabratah,32.7933,12.4885,27.66,45,0,4.38,LY,1694913079
291,whangarei,-35.7317,174.3239,21.0,38,4,1.48,NZ,1694913079
292,gamba,-2.65,10.0,23.35,90,100,1.19,GA,1694913063
293,argo,37.6333,22.7333,21.55,53,100,1.91,GR,1694913056
294,pacific grove,36.6177,-121.9166,19.82,79,40,4.12,US,1694913000
295,bargaal,11.2864,51.0773,27.45,68,22,3.8,SO,1694913081
296,daru,-9.0763,143.2092,26.91,56,86,4.93,PG,1694912901
297,majene,-3.5403,118.9707,26.08,79,96,5.25,ID,1694913082
298,melfort,52.8667,-104.6177,19.48,34,9,3.77,CA,1694913083
299,sorong,-0.8833,131.25,27.16,74,100,4.6,ID,1694913083
300,luderitz,-26.6481,15.1594,13.33,60,0,10.32,NA,1694913084
301,ribeira grande,38.5167,-28.7,19.32,76,100,4.47,PT,1694913085
302,upata,8.0086,-62.3989,27.55,53,90,2.14,VE,1694912793
303,kill devil hills,36.0307,-75.676,23.01,73,0,0.0,US,1694913086
304,saudarkrokur,65.7461,-19.6394,8.42,88,100,3.7,IS,1694913087
305,flying fish cove,-10.4217,105.6791,24.82,78,75,7.2,CX,1694913087
306,pathein,16.7833,94.7333,24.83,95,100,2.22,MM,1694913088
307,lihue,21.9789,-159.3672,29.58,73,40,6.69,US,1694912808
308,rawson,-43.3002,-65.1023,7.91,71,100,1.33,AR,1694913089
309,ust-nera,64.5667,143.2,5.86,67,100,3.15,RU,1694913089
310,newman,37.3138,-121.0208,30.13,28,0,3.17,US,1694913090
311,berea,41.3662,-81.8543,17.2,84,99,1.35,US,1694912912
312,turkmenbasy,40.0222,52.9552,21.56,36,0,3.33,TM,1694913091
313,tshikapa,-6.4167,20.8,26.4,54,85,1.77,CD,1694913092
314,belle fourche,44.6714,-103.8522,20.24,41,0,3.41,US,1694913092
315,jamestown,42.097,-79.2353,12.23,75,92,0.25,US,1694912799
316,yaren,-0.5472,166.916,28.97,72,19,3.34,NR,1694913094
317,pontivy,48.0,-3.0,18.49,96,66,3.27,FR,1694913094
318,santa elena de uairen,4.6167,-61.1333,20.28,90,75,0.18,VE,1694913095
319,puerto baquerizo moreno,-0.9,-89.6,22.82,81,100,4.5,EC,1694913095
320,el granada,37.5027,-122.4694,22.67,75,20,8.23,US,1694913096
321,kenai,60.5544,-151.2583,9.05,95,100,7.2,US,1694913096
322,kaukauna,44.278,-88.272,19.39,78,75,0.45,US,1694913097
323,balikpapan,-1.2675,116.8289,28.55,79,20,2.06,ID,1694913098
324,barkly west,-28.5354,24.5215,5.94,50,89,4.47,ZA,1694913098
325,geraldton,-28.7667,114.6,17.23,72,60,8.75,AU,1694913099
326,baoro,5.6667,15.9667,20.31,95,100,0.68,CF,1694913099
327,grootfontein,-19.5667,18.1167,19.83,8,0,4.62,NA,1694913100
328,urengoy,65.9667,78.3667,5.06,78,88,3.13,RU,1694913100
329,baberu,25.55,80.7167,25.96,85,99,2.71,IN,1694913101
330,attur,11.6,78.6167,24.88,88,100,2.04,IN,1694912904
331,buka,40.8108,69.1986,15.29,34,79,2.99,UZ,1694913102
332,mizdah,31.4451,12.9801,23.35,39,67,3.11,LY,1694913102
333,kingston,17.997,-76.7936,27.89,98,100,0.45,JM,1694912954
334,anloga,5.7947,0.8973,25.08,89,100,6.68,GH,1694913104
335,kilindoni,-7.9139,39.6668,24.78,75,57,4.85,TZ,1694913104
336,labrador city,52.9463,-66.9114,11.31,71,100,1.33,CA,1694913105
337,gagra,43.3283,40.2239,17.51,78,0,2.94,GE,1694913105
338,soio,-6.1349,12.3689,23.23,92,24,3.51,AO,1694913106
339,jaisalmer,26.9147,70.9181,30.76,56,60,2.11,IN,1694912991
340,usinsk,65.9939,57.5281,5.26,91,100,4.18,RU,1694913005
341,kuanda,56.3161,116.0806,12.05,67,63,0.55,RU,1694913108
342,susuman,62.7833,148.1667,5.09,70,100,5.71,RU,1694913108
343,usogorsk,63.4106,48.6872,7.08,94,100,1.94,RU,1694913109
344,madimba,-10.4,40.3333,24.38,73,98,3.24,TZ,1694913109
345,shemgang,27.2169,90.6579,17.48,81,0,1.52,BT,1694913110
346,vilyuchinsk,52.9306,158.4028,18.15,60,18,13.94,RU,1694913110
347,rio grande,-32.035,-52.0986,17.75,88,0,3.96,BR,1694913111
348,tsiombe,-25.3,45.4833,20.94,62,0,2.69,MG,1694912839
349,maughold,54.2988,-4.3184,14.57,80,100,5.94,IM,1694913112
350,bhigvan,18.3167,74.7667,22.58,83,100,3.02,IN,1694913113
351,warora,20.2333,79.0,22.88,90,19,1.02,IN,1694913113
352,elliot lake,46.3834,-82.6331,13.22,84,88,1.12,CA,1694913114
353,nacala,-14.5428,40.6728,23.01,85,17,3.17,MZ,1694913114
354,badger,64.8,-147.5333,15.76,46,75,3.6,US,1694913002
355,goroka,-6.0834,145.3873,23.95,41,99,0.63,PG,1694913115
356,frenda,35.0654,1.0495,23.76,28,12,4.59,DZ,1694913116
357,shingu,33.7333,135.9833,29.65,64,9,2.19,JP,1694913116
358,vilyuysk,63.7553,121.6247,2.89,60,100,2.04,RU,1694913117
359,chernyanka,50.9409,37.8069,14.36,74,95,3.12,RU,1694913117
360,vernon,50.2581,-119.2691,31.24,26,0,0.0,CA,1694913118
361,sroda slaska,51.1641,16.5951,18.3,80,0,2.85,PL,1694913118
362,sao vicente,-23.9631,-46.3919,26.82,26,0,1.47,BR,1694913119
363,capayan,-28.761,-66.0502,25.19,21,0,1.74,AR,1694913120
364,tabou,4.423,-7.3528,24.46,91,86,3.16,CI,1694913120
365,kuching,1.55,110.3333,28.94,78,20,2.24,MY,1694913121
366,stornoway,58.2093,-6.3865,3.98,93,0,0.0,GB,1694913122
367,ritchie,-29.038,24.6028,6.47,47,100,4.21,ZA,1694913122
368,walvis bay,-22.9575,14.5053,10.61,84,0,4.64,NA,1694912900
369,labuan,5.2767,115.2417,27.42,75,58,2.08,MY,1694913123
370,mahanje,-9.9333,35.3333,14.9,71,30,1.74,TZ,1694913124
371,port alfred,-33.5906,26.891,12.88,54,100,3.13,ZA,1694912937
372,kurchum,48.5722,83.6542,11.56,70,8,2.27,KZ,1694913125
373,coquimbo,-29.9533,-71.3436,14.22,87,12,0.39,CL,1694913066
374,ammanford,51.7928,-3.9883,16.98,89,100,4.16,GB,1694913127
375,gazojak,41.1875,61.4036,16.31,35,2,4.34,TM,1694913127
376,zherdevka,51.8486,41.4606,12.06,77,14,3.29,RU,1694913128
377,vallegrande,-18.4897,-64.1069,13.98,77,0,3.56,BO,1694913128
378,winnemucca,40.973,-117.7357,29.03,13,0,1.54,US,1694913129
379,clearwater,27.9659,-82.8001,29.49,75,100,4.02,US,1694912841
380,olyokminsk,60.3736,120.4264,6.44,50,65,1.3,RU,1694913130
381,castlegar,49.2998,-117.6689,25.72,32,0,1.56,CA,1694913131
382,grand-bassam,5.2118,-3.7388,24.98,92,100,3.39,CI,1694913132
383,hilo,19.7297,-155.09,29.6,67,20,4.12,US,1694912873
384,chaah,2.249,103.048,27.28,81,1,1.39,MY,1694913133
385,alto barinas,8.5931,-70.2261,25.76,79,46,1.75,VE,1694913133
386,chiras,35.4167,65.9823,7.28,54,0,0.34,AF,1694913134
387,gadzhiyevo,69.2551,33.3362,6.25,81,42,2.28,RU,1694913134
388,vila velha,-20.3297,-40.2925,21.97,88,40,1.54,BR,1694912980
389,asadabad,34.7824,48.1185,17.11,46,0,1.97,IR,1694913136
390,canete,-37.8,-73.4,5.96,91,56,1.12,CL,1694913137
391,youkounkoun,12.5333,-13.1333,23.3,94,98,1.21,GN,1694913137
392,maragogi,-9.0122,-35.2225,23.91,85,20,4.42,BR,1694913138
393,kourou,5.1552,-52.6478,28.03,83,91,4.72,GF,1694913139
394,bejaia,36.7559,5.0843,30.44,30,100,6.66,DZ,1694913139
395,manismata,-2.4667,111.0333,28.11,70,80,1.98,ID,1694913140
396,forbes,-33.3833,148.0167,27.4,19,0,2.79,AU,1694913140
397,chepen,-7.2167,-79.45,20.93,75,65,3.55,PE,1694913141
398,playas,-2.6333,-80.3833,23.55,84,42,5.27,EC,1694913142
399,mulki,13.1,74.8,24.6,100,75,0.0,IN,1694913142
400,richards bay,-28.783,32.0377,17.26,81,100,4.35,ZA,1694912851
401,aldama,22.9167,-98.0667,30.83,81,31,3.83,MX,1694913144
402,zhosaly,45.4878,64.0781,15.67,40,2,4.23,KZ,1694913145
403,bereket,39.2446,55.5154,19.44,28,0,4.11,TM,1694913145
404,port hedland,-20.3167,118.5667,26.03,36,87,3.09,AU,1694913146
405,zheleznodorozhnyy,55.7503,38.0042,6.87,77,11,0.83,RU,1694913146
406,laguna,38.421,-121.4238,29.69,56,0,5.14,US,1694913147
407,iranshahr,27.2025,60.6848,30.02,36,7,1.43,IR,1694913147
408,illapel,-31.6308,-71.1653,13.8,82,0,0.95,CL,1694913148
409,alofi,-19.0595,-169.9187,24.0,75,90,7.4,NU,1694913148
410,howard springs,-12.497,131.047,29.34,35,8,5.28,AU,1694913149
411,jieshi,22.8134,115.8257,27.21,80,2,2.07,CN,1694913150
412,dawson creek,55.7666,-120.2362,19.8,32,0,2.06,CA,1694913150
413,as sulayyil,20.4607,45.5779,29.53,14,6,3.99,SA,1694913151
414,hotan,37.0997,79.9269,21.33,26,57,1.51,CN,1694913151
415,bamboo flat,11.7,92.7167,27.05,89,100,3.6,IN,1694913153
416,thurso,58.5927,-3.5259,6.14,86,79,3.69,GB,1694913153
417,sabang,5.8933,95.3214,26.98,77,100,4.15,ID,1694913154
418,tan-tan,28.438,-11.1032,20.14,88,3,3.19,MA,1694913154
419,mto wa mbu,-3.35,35.85,19.27,85,19,1.53,TZ,1694913155
420,bolbec,49.5732,0.4734,19.45,81,100,2.88,FR,1694913156
421,minas de marcona,-15.2119,-75.1103,14.46,79,100,2.76,PE,1694913156
422,palmer,42.1584,-72.3287,18.78,70,100,3.38,US,1694912923
423,berezovyy,51.6667,135.7,18.12,45,5,0.98,RU,1694913056
424,dunlap,41.6378,-85.9217,18.29,85,0,1.54,US,1694913076
425,palikir - national government center,6.9248,158.1611,28.47,84,100,1.54,FM,1694913159
426,carrizo springs,28.5219,-99.8606,32.34,45,40,0.0,US,1694913159
427,pallasovka,50.05,46.8833,15.2,70,98,3.43,RU,1694913160
428,aykhal,66.0,111.5,1.14,100,100,1.27,RU,1694913160
429,nola,40.922,14.5329,23.68,89,7,0.64,IT,1694913161
430,muravlenko,63.7898,74.523,9.66,90,79,3.16,RU,1694913161
431,ust'-charyshskaya pristan',52.3934,83.6635,11.53,87,85,0.43,RU,1694913162
432,balurghat,25.2167,88.7667,28.39,77,7,0.57,IN,1694913163
433,kerikeri,-35.2268,173.9474,18.79,49,0,3.9,NZ,1694913163
434,yauya,-8.9833,-77.3,11.98,66,98,2.77,PE,1694913164
435,primorskiy,43.0983,131.5875,17.85,96,100,2.69,RU,1694913164
436,afonso claudio,-20.0742,-41.1239,19.47,94,0,0.9,BR,1694913077
437,mesquite,32.7668,-96.5992,27.99,61,0,0.0,US,1694913165
438,kani keli,-12.9536,45.1033,21.59,73,100,2.96,YT,1694913166
439,trujillo,-8.116,-79.03,19.98,83,75,4.12,PE,1694913167
440,albania,41.0,20.0,21.42,67,100,0.32,AL,1694913167
441,manta,-0.95,-80.7333,24.88,73,20,4.12,EC,1694913042
442,nabire,-3.3667,135.4833,29.15,67,100,1.52,ID,1694912983
443,porto novo,6.4965,2.6036,24.9,89,100,3.81,BJ,1694913169
444,mejit,10.2753,170.8646,28.59,81,100,7.91,MH,1694913169
445,nova vicosa,-17.8919,-39.3719,23.42,83,6,3.3,BR,1694913170
446,norilsk,69.3535,88.2027,0.79,93,58,1.66,RU,1694912990
447,zapala,-38.8992,-70.0544,3.22,52,0,11.58,AR,1694913171
448,tofol,5.3248,163.0078,30.88,79,75,2.57,FM,1694913171
449,ginir,7.1333,40.7,15.98,75,51,2.24,ET,1694913172
450,tokar,18.4254,37.729,28.95,68,7,0.53,SD,1694913172
451,nili,33.7218,66.1302,17.1,31,0,2.01,AF,1694913173
452,praia da vitoria,38.7333,-27.0667,20.14,77,40,3.17,PT,1694913174
453,chelm,51.1431,23.4716,11.62,82,0,4.1,PL,1694913174
454,colotlan,22.1,-103.2667,19.05,80,85,1.79,MX,1694913175
455,tosontsengel,48.7567,98.2839,3.74,95,100,1.78,MN,1694913175
456,cabedelo,-6.9811,-34.8339,24.37,85,100,5.22,BR,1694913176
457,charters towers,-20.1,146.2667,25.38,31,0,7.38,AU,1694913176
458,miri,4.4148,114.0089,26.53,85,100,2.44,MY,1694913177
459,kailua-kona,19.6406,-155.9956,29.98,82,75,7.2,US,1694913119
460,oum hadjer,13.2954,19.6966,27.5,68,100,3.01,TD,1694913178
461,taltal,-25.4,-70.4833,15.56,86,2,0.79,CL,1694913178
462,farafangana,-22.8167,47.8333,19.9,87,1,3.21,MG,1694913180
463,xacmaz,41.4635,48.806,17.56,71,9,2.76,AZ,1694913180
464,sinabang,2.4803,96.3801,25.44,88,100,3.65,ID,1694913181
465,mariinsk,56.2139,87.7472,10.3,83,58,0.75,RU,1694913181
466,funafuti,-8.5243,179.1942,32.0,84,40,3.09,TV,1694913182
467,bishkul,54.7803,69.1033,8.19,93,0,1.0,KZ,1694913183
468,zahedan,29.4963,60.8629,18.8,24,2,0.76,IR,1694913183
469,belmonte,-15.8631,-38.8828,23.5,79,0,2.95,BR,1694913021
470,kupang,-10.1667,123.5833,30.32,39,20,9.77,ID,1694913184
471,edd,13.9297,41.6925,31.76,67,98,2.64,ER,1694913185
472,autazes,-3.5797,-59.1306,29.91,43,100,1.37,BR,1694913185
473,sovetskaya gavan',48.9723,140.2878,18.79,43,100,0.91,RU,1694913186
474,la ronge,55.1001,-105.2842,18.07,46,68,3.37,CA,1694913061
475,chapaev,50.2,51.1667,12.28,79,2,2.15,KZ,1694913098
476,minneola,28.5744,-81.7462,28.28,84,91,4.02,US,1694912932
477,ust'-ilimsk,58.0006,102.6619,12.06,72,9,0.74,RU,1694913188
478,port macquarie,-31.4333,152.9167,27.16,38,0,3.47,AU,1694913189
479,chongwe,-15.3292,28.682,20.01,35,0,1.23,ZM,1694913189
480,san felipe,10.3399,-68.7425,23.08,97,92,0.29,VE,1694913190
481,logansport,40.7545,-86.3567,18.36,79,0,1.54,US,1694913163
482,phan rang-thap cham,11.5667,108.9833,29.12,67,41,1.32,VN,1694913191
483,shelbyville,35.4834,-86.4603,21.4,1,100,1.04,US,1694913191
484,harlingen,26.1906,-97.6961,30.95,91,100,6.47,US,1694912939
485,swift current,50.2834,-107.8014,23.45,18,0,4.12,CA,1694913193
486,benguela,-12.5763,13.4055,21.57,91,1,1.21,AO,1694913089
487,ephraim,39.3597,-111.5863,20.85,33,1,0.32,US,1694913194
488,prince rupert,54.3161,-130.3201,13.75,65,96,4.03,CA,1694913078
489,mwene-ditu,-7.0,23.45,23.38,49,76,1.32,CD,1694913195
490,atafu village,-8.5421,-172.5159,28.88,76,16,6.12,TK,1694913032
491,cadale,2.7603,46.3222,24.96,83,75,6.28,SO,1694913045
492,novodvinsk,64.4165,40.8122,9.92,97,100,2.3,RU,1694913196
493,matiari,25.5961,68.4467,29.38,64,99,3.3,PK,1694913197
494,hanzhong,33.0728,107.0303,22.75,87,100,0.87,CN,1694913197
495,flin flon,54.7682,-101.865,15.0,64,14,3.08,CA,1694913198
496,bonthe,7.5264,-12.505,25.07,89,100,2.85,SL,1694913040
497,chernushka,56.5072,56.0766,10.68,89,82,2.15,RU,1694913199
498,berezovo,63.9381,65.0419,11.65,76,94,2.68,RU,1694913200
499,portland,45.5234,-122.6762,29.99,47,20,3.6,US,1694913200
500,santa rosa de lima,13.6247,-87.8936,30.0,73,66,0.41,SV,1694913201
501,vanimo,-2.6741,141.3028,27.3,82,97,1.96,PG,1694913201
502,carlos chagas,-17.7031,-40.7664,23.61,81,99,3.54,BR,1694913202
503,novyy urgal,51.0736,132.5642,13.49,60,13,0.52,RU,1694913202
504,ponta delgada,37.7333,-25.6667,19.4,68,40,1.54,PT,1694913204
505,paraty,-23.2178,-44.7131,21.46,82,0,1.65,BR,1694913205
506,canutama,-6.5339,-64.3831,28.88,37,85,1.16,BR,1694913205
507,rahimatpur,17.6,74.2,20.73,92,100,3.69,IN,1694913206
508,al kharj,24.155,47.3346,30.32,19,7,2.59,SA,1694913206
509,gornozavodsk,58.3758,58.3211,8.9,93,63,0.63,RU,1694913207
510,grand falls-windsor,48.9332,-55.6649,20.28,95,100,2.24,CA,1694913207
511,tionk essil,12.7856,-16.5217,25.03,88,97,1.34,SN,1694913208
512,sibi,29.5448,67.8764,33.3,40,5,1.16,PK,1694913208
513,villa gesell,-37.2639,-56.973,11.7,70,24,2.35,AR,1694912922
514,waingapu,-9.6567,120.2641,28.36,60,99,6.8,ID,1694913209
515,port moresby,-9.4431,147.1797,26.81,51,84,4.4,PG,1694913210
516,saulkrasti,57.2622,24.4147,11.62,74,100,5.8,LV,1694913210
517,guichon,-32.35,-57.2,18.2,90,0,3.51,UY,1694912959
518,fauske,67.2588,15.3918,9.02,80,100,2.67,NO,1694913211
519,espanola,35.9911,-106.0806,23.41,38,6,0.97,US,1694913212
520,korla,41.7597,86.1469,17.85,34,0,2.08,CN,1694913213
521,coahuayana de hidalgo,18.7,-103.6583,26.87,85,100,0.89,MX,1694913213
522,caxito,-8.5785,13.6643,23.71,85,100,2.41,AO,1694913214
523,posse,-14.0931,-46.3694,26.79,37,56,3.88,BR,1694912922
524,felipe carrillo puerto,19.5833,-88.05,27.08,80,1,2.03,MX,1694913215
525,sur,22.5667,59.5289,28.71,69,100,3.06,OM,1694913215
526,la'ie,21.6477,-157.9253,31.98,66,43,4.02,US,1694913216
527,zhigalovo,54.8097,105.1578,11.6,65,14,0.92,RU,1694913216
528,saint-francois,46.4154,3.9054,16.49,100,0,0.51,FR,1694913217
529,zhukovka,53.534,33.728,6.44,86,10,1.72,RU,1694913217
530,coeur d'alene,47.6777,-116.7805,29.71,24,0,2.06,US,1694913120
531,sao joao da barra,-21.6403,-41.0511,21.73,93,0,5.01,BR,1694913105
532,nadi,-17.8,177.4167,29.0,74,40,5.66,FJ,1694913219
533,illizi,26.4833,8.4667,28.01,15,0,6.72,DZ,1694913219
534,bokani,9.4333,5.2,23.22,97,100,1.86,NG,1694913220
535,koulikoro,14.0,-7.75,25.18,78,100,2.31,ML,1694913221
536,charqueadas,-29.9547,-51.6253,20.29,85,0,1.6,BR,1694913221
537,naze,28.3667,129.4833,29.51,76,20,3.78,JP,1694913222
538,ecka,45.3186,20.4428,18.01,69,98,5.36,RS,1694913222
539,as saffaniyah,27.9708,48.73,32.02,31,0,5.74,SA,1694913223
540,piti village,13.4626,144.6933,30.17,85,40,4.12,GU,1694913223
541,kushiro,42.975,144.3747,23.53,73,75,2.57,JP,1694913224
542,najran,17.4924,44.1277,23.36,23,8,1.05,SA,1694913224
543,yanchep,-31.55,115.6833,17.01,60,0,5.63,AU,1694913225
544,alice springs,-23.7,133.8833,29.75,9,0,5.66,AU,1694913225
545,mosjoen,65.836,13.1908,6.29,93,75,0.51,NO,1694913226
546,errachidia,31.9275,-4.4285,27.03,19,0,1.03,MA,1694913227
547,puerto asis,0.5133,-76.5007,23.27,75,100,1.08,CO,1694913227
548,privas,44.5833,4.5,18.46,90,100,1.2,FR,1694913228
549,puerto ayacucho,5.6639,-67.6236,24.72,90,100,1.71,VE,1694913228
550,pechora,65.1472,57.2244,7.26,92,100,2.85,RU,1694913229
551,andreapol',56.6513,32.2664,5.87,84,98,2.28,RU,1694913229
552,moyynkum,44.2914,72.9469,14.25,49,0,5.08,KZ,1694913230
553,guerrero negro,27.9769,-114.0611,21.08,72,29,8.36,MX,1694913231
554,miyako,39.6367,141.9525,25.28,78,88,2.99,JP,1694913231
555,marmaris,36.855,28.2742,26.17,37,1,3.23,TR,1694913074
556,koryazhma,61.3143,47.1691,6.62,94,100,2.5,RU,1694913232
557,jalalpur,32.6374,74.2183,26.93,83,20,0.0,PK,1694913233
558,bardai,11.65,7.2333,21.82,91,100,2.96,NG,1694913233
559,lompoc,34.6391,-120.4579,23.34,77,75,8.05,US,1694912952
560,tamiahua,21.2667,-97.45,28.32,82,10,3.86,MX,1694913234
561,kalmunai,7.4167,81.8167,26.6,79,82,5.44,LK,1694913235
562,pizarro,4.9533,-77.366,25.92,88,100,2.48,CO,1694913235
563,makarov,48.6333,142.8,18.41,51,98,3.77,RU,1694913236
564,kristiansund,63.1115,7.732,8.36,87,100,1.54,NO,1694913236
